pruid,prname,date,numdeaths,numtotal,numtested,numrecover,percentrecover,numtoday,percentoday
35,Ontario,31-01-2020,0,3,,N/A,,3,3
59,British Columbia,31-01-2020,0,1,,N/A,,1,1
1,Canada,31-01-2020,0,4,,N/A,,4,4
35,Ontario,08-02-2020,0,3,,N/A,,0,0
59,British Columbia,08-02-2020,0,4,,N/A,,3,3
1,Canada,08-02-2020,0,7,,N/A,,3,0.75
35,Ontario,16-02-2020,0,3,,N/A,,0,0
59,British Columbia,16-02-2020,0,5,,N/A,,1,0.25
1,Canada,16-02-2020,0,8,,N/A,,1,0.143
35,Ontario,21-02-2020,0,3,,N/A,,0,0
59,British Columbia,21-02-2020,0,6,,N/A,,1,0.2
1,Canada,21-02-2020,0,9,,N/A,,1,0.125
35,Ontario,24-02-2020,0,4,,N/A,,1,0.333
59,British Columbia,24-02-2020,0,6,,N/A,,0,0
1,Canada,24-02-2020,0,10,,N/A,,1,0.111
35,Ontario,25-02-2020,0,4,,N/A,,0,0
59,British Columbia,25-02-2020,0,7,,N/A,,1,0.167
1,Canada,25-02-2020,0,11,,N/A,,1,0.1
35,Ontario,26-02-2020,0,5,,N/A,,1,0.25
59,British Columbia,26-02-2020,0,7,,N/A,,0,0
1,Canada,26-02-2020,0,12,,N/A,,1,0.091
35,Ontario,27-02-2020,0,6,,N/A,,1,0.2
59,British Columbia,27-02-2020,0,7,,N/A,,0,0
1,Canada,27-02-2020,0,13,,N/A,,1,0.083
35,Ontario,29-02-2020,0,8,,N/A,,2,0.333
59,British Columbia,29-02-2020,0,7,,N/A,,0,0
1,Canada,29-02-2020,0,15,,N/A,,2,0.154
35,Ontario,01-03-2020,0,15,,N/A,,7,0.875
59,British Columbia,01-03-2020,0,8,,N/A,,1,0.143
24,Quebec,01-03-2020,0,1,,N/A,,1,1
1,Canada,01-03-2020,0,24,,N/A,,9,0.6
35,Ontario,03-03-2020,0,20,,N/A,,5,0.333
59,British Columbia,03-03-2020,0,12,,N/A,,4,0.5
24,Quebec,03-03-2020,0,1,,N/A,,0,0
1,Canada,03-03-2020,0,33,,N/A,,9,0.375
35,Ontario,05-03-2020,0,22,,N/A,,2,0.1
59,British Columbia,05-03-2020,0,21,,N/A,,9,0.75
24,Quebec,05-03-2020,0,2,,N/A,,1,1
1,Canada,05-03-2020,0,45,,N/A,,12,0.364
35,Ontario,06-03-2020,0,28,,N/A,,6,0.273
59,British Columbia,06-03-2020,0,21,,N/A,,0,0
24,Quebec,06-03-2020,0,2,,N/A,,0,0
1,Canada,06-03-2020,0,51,,N/A,,6,0.133
35,Ontario,07-03-2020,0,28,,N/A,,0,0
59,British Columbia,07-03-2020,0,27,,N/A,,6,0.286
24,Quebec,07-03-2020,0,2,,N/A,,0,0
1,Canada,07-03-2020,0,57,,N/A,,6,0.118
35,Ontario,08-03-2020,0,31,,N/A,,3,0.107
59,British Columbia,08-03-2020,0,27,,N/A,,0,0
24,Quebec,08-03-2020,0,3,,N/A,,1,0.5
48,Alberta,08-03-2020,0,1,,N/A,,1,1
1,Canada,08-03-2020,0,62,,N/A,,5,0.088
35,Ontario,09-03-2020,0,34,,N/A,,3,0.097
59,British Columbia,09-03-2020,0,32,,N/A,,5,0.185
24,Quebec,09-03-2020,0,4,,N/A,,1,0.333
48,Alberta,09-03-2020,0,7,,N/A,,6,6
1,Canada,09-03-2020,0,77,,N/A,,15,0.242
35,Ontario,11-03-2020,0,42,3394,N/A,,8,0.235
59,British Columbia,11-03-2020,0,39,4373,N/A,,7,0.219
24,Quebec,11-03-2020,0,7,556,N/A,,3,0.75
48,Alberta,11-03-2020,0,14,1969,N/A,,7,1
99,Repatriated travellers,11-03-2020,0,1,0,N/A,,1,1
47,Saskatchewan,11-03-2020,0,0,204,N/A,,0,0
46,Manitoba,11-03-2020,0,0,352,N/A,,0,0
13,New Brunswick,11-03-2020,0,0,22,N/A,,0,0
10,Newfoundland and Labrador,11-03-2020,0,0,44,N/A,,0,0
12,Nova Scotia,11-03-2020,0,0,103,N/A,,0,0
11,Prince Edward Island,11-03-2020,0,0,6,N/A,,0,0
60,Yukon,11-03-2020,0,0,0,N/A,,0,0
61,Northwest Territories,11-03-2020,0,0,0,N/A,,0,0
62,Nunavut,11-03-2020,0,0,0,N/A,,0,0
1,Canada,11-03-2020,0,103,11023,N/A,,26,0.338
59,British Columbia,12-03-2020,0,46,5195,N/A,,7,0.179
48,Alberta,12-03-2020,0,19,4109,N/A,,5,0.357
47,Saskatchewan,12-03-2020,0,1,285,N/A,,1,0
46,Manitoba,12-03-2020,0,1,352,N/A,,1,0
35,Ontario,12-03-2020,0,59,4185,N/A,,17,0.405
24,Quebec,12-03-2020,0,13,740,N/A,,6,0.857
13,New Brunswick,12-03-2020,0,1,44,N/A,,1,0
10,Newfoundland and Labrador,12-03-2020,0,0,52,N/A,,0,0
12,Nova Scotia,12-03-2020,0,0,182,N/A,,0,0
11,Prince Edward Island,12-03-2020,0,0,6,N/A,,0,0
61,Northwest Territories,12-03-2020,0,0,34,N/A,,0,0
62,Nunavut,12-03-2020,0,0,1,N/A,,0,0
99,Repatriated travellers,12-03-2020,0,1,0,N/A,,0,0
60,Yukon,12-03-2020,0,0,0,N/A,,0,0
1,Canada,12-03-2020,0,141,15185,N/A,,38,0.369
59,British Columbia,13-03-2020,0,53,5195,N/A,,7,0.152
48,Alberta,13-03-2020,0,23,4109,N/A,,4,0.211
47,Saskatchewan,13-03-2020,0,1,285,N/A,,0,0
46,Manitoba,13-03-2020,0,3,352,N/A,,2,2
35,Ontario,13-03-2020,0,79,4185,N/A,,20,0.339
24,Quebec,13-03-2020,0,17,740,N/A,,4,0.308
11,Prince Edward Island,13-03-2020,0,0,6,N/A,,0,0
10,Newfoundland and Labrador,13-03-2020,0,0,52,N/A,,0,0
13,New Brunswick,13-03-2020,0,1,44,N/A,,0,0
12,Nova Scotia,13-03-2020,0,0,182,N/A,,0,0
99,Repatriated travellers,13-03-2020,0,2,0,N/A,,1,1
60,Yukon,13-03-2020,0,0,0,N/A,,0,0
61,Northwest Territories,13-03-2020,0,0,34,N/A,,0,0
62,Nunavut,13-03-2020,0,0,1,N/A,,0,0
1,Canada,13-03-2020,0,179,15185,N/A,,38,0.27
59,British Columbia,14-03-2020,0,64,7033,N/A,,11,0.208
48,Alberta,14-03-2020,0,29,5247,N/A,,6,0.261
47,Saskatchewan,14-03-2020,0,2,349,N/A,,1,1
46,Manitoba,14-03-2020,0,4,837,N/A,,1,0.333
35,Ontario,14-03-2020,0,79,6646,N/A,,0,0
24,Quebec,14-03-2020,0,17,1584,N/A,,0,0
13,New Brunswick,14-03-2020,0,2,82,N/A,,1,1
10,Newfoundland and Labrador,14-03-2020,0,0,62,N/A,,0,0
12,Nova Scotia,14-03-2020,0,0,481,N/A,,0,0
11,Prince Edward Island,14-03-2020,0,0,6,N/A,,0,0
60,Yukon,14-03-2020,0,0,0,N/A,,0,0
61,Northwest Territories,14-03-2020,0,0,76,N/A,,0,0
62,Nunavut,14-03-2020,0,0,6,N/A,,0,0
99,Repatriated travellers,14-03-2020,0,2,0,N/A,,0,0
1,Canada,14-03-2020,0,199,22409,N/A,,20,0.112
59,British Columbia,15-03-2020,0,73,7033,N/A,,9,0.141
48,Alberta,15-03-2020,0,39,5247,N/A,,10,0.345
47,Saskatchewan,15-03-2020,0,2,349,N/A,,0,0
46,Manitoba,15-03-2020,0,4,837,N/A,,0,0
35,Ontario,15-03-2020,0,103,8461,N/A,,24,0.304
24,Quebec,15-03-2020,0,24,2337,N/A,,7,0.412
10,Newfoundland and Labrador,15-03-2020,0,1,62,N/A,,1,0
13,New Brunswick,15-03-2020,0,2,82,N/A,,0,0
11,Prince Edward Island,15-03-2020,0,1,6,N/A,,1,0
12,Nova Scotia,15-03-2020,0,0,481,N/A,,0,0
60,Yukon,15-03-2020,0,0,0,N/A,,0,0
61,Northwest Territories,15-03-2020,0,0,76,N/A,,0,0
62,Nunavut,15-03-2020,0,0,6,N/A,,0,0
99,Repatriated travellers,15-03-2020,0,4,0,N/A,,2,1
1,Canada,15-03-2020,0,253,24977,N/A,,54,0.271
59,British Columbia,16-03-2020,0,73,9926,N/A,,0,0
48,Alberta,16-03-2020,0,56,10238,N/A,,17,0.436
47,Saskatchewan,16-03-2020,0,6,881,N/A,,4,2
46,Manitoba,16-03-2020,0,7,1848,N/A,,3,0.75
35,Ontario,16-03-2020,0,145,10178,N/A,,42,0.408
24,Quebec,16-03-2020,0,39,3129,N/A,,15,0.625
10,Newfoundland and Labrador,16-03-2020,0,1,161,N/A,,0,0
13,New Brunswick,16-03-2020,0,6,143,N/A,,4,2
12,Nova Scotia,16-03-2020,0,3,1075,N/A,,3,0
11,Prince Edward Island,16-03-2020,0,1,6,N/A,,0,0
60,Yukon,16-03-2020,0,0,0,N/A,,0,0
61,Northwest Territories,16-03-2020,0,0,138,N/A,,0,0
99,Repatriated travellers,16-03-2020,0,4,0,N/A,,0,0
62,Nunavut,16-03-2020,0,0,7,N/A,,0,0
1,Canada,16-03-2020,0,341,37730,N/A,,88,0.348
59,British Columbia,17-03-2020,0,103,11612,N/A,,30,0.411
48,Alberta,17-03-2020,0,74,11487,N/A,,18,0.321
47,Saskatchewan,17-03-2020,0,7,1066,N/A,,1,0.167
46,Manitoba,17-03-2020,0,7,2216,N/A,,0,0
35,Ontario,17-03-2020,0,177,11167,N/A,,32,0.221
24,Quebec,17-03-2020,0,50,4870,N/A,,11,0.282
10,Newfoundland and Labrador,17-03-2020,0,1,161,N/A,,0,0
13,New Brunswick,17-03-2020,0,7,295,N/A,,1,0.167
12,Nova Scotia,17-03-2020,0,5,1075,N/A,,2,0.667
11,Prince Edward Island,17-03-2020,0,1,75,N/A,,0,0
60,Yukon,17-03-2020,0,0,0,N/A,,0,0
61,Northwest Territories,17-03-2020,0,0,145,N/A,,0,0
62,Nunavut,17-03-2020,0,0,7,N/A,,0,0
99,Repatriated travellers,17-03-2020,0,8,0,N/A,,4,1
1,Canada,17-03-2020,0,440,44176,N/A,,99,0.29
59,British Columbia,18-03-2020,0,186,13388,N/A,,83,0.806
48,Alberta,18-03-2020,0,97,13686,N/A,,23,0.311
47,Saskatchewan,18-03-2020,0,8,1910,N/A,,1,0.143
46,Manitoba,18-03-2020,0,15,2739,N/A,,8,1.143
35,Ontario,18-03-2020,0,189,13869,N/A,,12,0.068
24,Quebec,18-03-2020,0,74,5880,N/A,,24,0.48
10,Newfoundland and Labrador,18-03-2020,0,3,161,N/A,,2,2
13,New Brunswick,18-03-2020,0,8,408,N/A,,1,0.143
12,Nova Scotia,18-03-2020,0,7,1278,N/A,,2,0.4
60,Yukon,18-03-2020,0,0,0,N/A,,0,0
11,Prince Edward Island,18-03-2020,0,1,75,N/A,,0,0
61,Northwest Territories,18-03-2020,0,0,145,N/A,,0,0
99,Repatriated travellers,18-03-2020,0,9,0,N/A,,1,0.125
62,Nunavut,18-03-2020,0,0,7,N/A,,0,0
1,Canada,18-03-2020,0,597,53546,N/A,,157,0.357
59,British Columbia,19-03-2020,0,271,16382,N/A,,85,0.457
48,Alberta,19-03-2020,0,146,16507,N/A,,49,0.505
47,Saskatchewan,19-03-2020,0,20,1910,N/A,,12,1.5
46,Manitoba,19-03-2020,0,17,3189,N/A,,2,0.133
35,Ontario,19-03-2020,0,258,18488,N/A,,69,0.365
24,Quebec,19-03-2020,0,121,6757,N/A,,47,0.635
10,Newfoundland and Labrador,19-03-2020,0,3,267,N/A,,0,0
13,New Brunswick,19-03-2020,0,11,527,N/A,,3,0.375
12,Nova Scotia,19-03-2020,0,14,1520,N/A,,7,1
11,Prince Edward Island,19-03-2020,0,2,75,N/A,,1,1
61,Northwest Territories,19-03-2020,0,0,221,N/A,,0,0
62,Nunavut,19-03-2020,0,0,8,N/A,,0,0
60,Yukon,19-03-2020,0,0,0,N/A,,0,0
99,Repatriated travellers,19-03-2020,0,10,0,N/A,,1,0.111
1,Canada,19-03-2020,0,873,65851,N/A,,276,0.462
59,British Columbia,20-03-2020,8,271,18792,N/A,,0,0
48,Alberta,20-03-2020,1,195,19782,N/A,,49,0.336
47,Saskatchewan,20-03-2020,0,26,1910,N/A,,6,0.3
46,Manitoba,20-03-2020,0,17,3367,N/A,,0,0
35,Ontario,20-03-2020,2,311,21499,N/A,,53,0.205
24,Quebec,20-03-2020,1,139,8539,N/A,,18,0.149
10,Newfoundland and Labrador,20-03-2020,0,4,287,N/A,,1,0.333
13,New Brunswick,20-03-2020,0,11,640,N/A,,0,0
12,Nova Scotia,20-03-2020,0,15,1647,N/A,,1,0.071
11,Prince Edward Island,20-03-2020,0,2,75,N/A,,0,0
61,Northwest Territories,20-03-2020,0,0,268,N/A,,0,0
62,Nunavut,20-03-2020,0,0,8,N/A,,0,0
60,Yukon,20-03-2020,0,0,0,N/A,,0,0
99,Repatriated travellers,20-03-2020,0,13,0,N/A,,3,0.3
1,Canada,20-03-2020,12,1004,76814,N/A,,131,0.15
59,British Columbia,21-03-2020,10,424,20417,N/A,,153,0.565
48,Alberta,21-03-2020,1,226,23060,N/A,,31,0.159
47,Saskatchewan,21-03-2020,0,44,3807,N/A,,18,0.692
46,Manitoba,21-03-2020,0,19,3668,N/A,,2,0.118
35,Ontario,21-03-2020,3,377,25470,N/A,,66,0.212
24,Quebec,21-03-2020,4,221,8539,N/A,,82,0.59
10,Newfoundland and Labrador,21-03-2020,0,6,299,N/A,,2,0.5
13,New Brunswick,21-03-2020,0,17,865,N/A,,6,0.545
12,Nova Scotia,21-03-2020,0,21,1956,N/A,,6,0.4
11,Prince Edward Island,21-03-2020,0,2,75,N/A,,0,0
61,Northwest Territories,21-03-2020,0,1,301,N/A,,1,0
62,Nunavut,21-03-2020,0,0,10,N/A,,0,0
60,Yukon,21-03-2020,0,0,416,N/A,,0,0
99,Repatriated travellers,21-03-2020,0,13,0,N/A,,0,0
1,Canada,21-03-2020,18,1371,88883,N/A,,367,0.366
59,British Columbia,22-03-2020,10,424,22135,N/A,,0,0
48,Alberta,22-03-2020,1,259,26999,N/A,,33,0.146
47,Saskatchewan,22-03-2020,0,52,4407,N/A,,8,0.182
46,Manitoba,22-03-2020,0,19,3936,N/A,,0,0
35,Ontario,22-03-2020,5,425,28570,N/A,,48,0.127
24,Quebec,22-03-2020,4,221,8539,N/A,,0,0
10,Newfoundland and Labrador,22-03-2020,0,9,299,N/A,,3,0.5
13,New Brunswick,22-03-2020,0,17,924,N/A,,0,0
12,Nova Scotia,22-03-2020,0,28,2210,N/A,,7,0.333
11,Prince Edward Island,22-03-2020,0,3,75,N/A,,1,0.5
61,Northwest Territories,22-03-2020,0,1,301,N/A,,0,0
62,Nunavut,22-03-2020,0,0,13,N/A,,0,0
60,Yukon,22-03-2020,0,0,416,N/A,,0,0
99,Repatriated travellers,22-03-2020,0,13,0,N/A,,0,0
1,Canada,22-03-2020,20,1471,98824,N/A,,100,0.073
59,British Columbia,23-03-2020,13,472,23460,N/A,,48,0.113
48,Alberta,23-03-2020,1,301,29757,N/A,,42,0.162
47,Saskatchewan,23-03-2020,0,66,5130,N/A,,14,0.269
46,Manitoba,23-03-2020,0,20,4133,N/A,,1,0.053
35,Ontario,23-03-2020,6,503,30688,N/A,,78,0.184
24,Quebec,23-03-2020,4,628,8539,N/A,,407,1.842
10,Newfoundland and Labrador,23-03-2020,0,24,894,N/A,,15,1.667
13,New Brunswick,23-03-2020,0,17,1139,N/A,,0,0
12,Nova Scotia,23-03-2020,0,41,2408,N/A,,13,0.464
11,Prince Edward Island,23-03-2020,0,3,206,N/A,,0,0
61,Northwest Territories,23-03-2020,0,1,364,N/A,,0,0
62,Nunavut,23-03-2020,0,0,13,N/A,,0,0
60,Yukon,23-03-2020,0,2,416,N/A,,2,0
99,Repatriated travellers,23-03-2020,0,13,0,N/A,,0,0
1,Canada,23-03-2020,24,2091,107147,N/A,,620,0.421
59,British Columbia,24-03-2020,13,617,26305,N/A,,145,0.307
48,Alberta,24-03-2020,2,358,32776,N/A,,57,0.189
47,Saskatchewan,24-03-2020,0,72,5604,N/A,,6,0.091
46,Manitoba,24-03-2020,0,21,4406,N/A,,1,0.05
35,Ontario,24-03-2020,8,588,34727,N/A,,85,0.169
24,Quebec,24-03-2020,4,1013,15071,N/A,,385,0.613
10,Newfoundland and Labrador,24-03-2020,0,35,1087,N/A,,11,0.458
13,New Brunswick,24-03-2020,0,18,1261,N/A,,1,0.059
12,Nova Scotia,24-03-2020,0,51,2641,N/A,,10,0.244
11,Prince Edward Island,24-03-2020,0,3,206,N/A,,0,0
60,Yukon,24-03-2020,0,2,416,N/A,,0,0
61,Northwest Territories,24-03-2020,0,1,481,N/A,,0,0
62,Nunavut,24-03-2020,0,0,81,N/A,,0,0
99,Repatriated travellers,24-03-2020,0,13,0,N/A,,0,0
1,Canada,24-03-2020,27,2792,125062,N/A,,701,0.335
59,British Columbia,25-03-2020,14,659,28344,N/A,,42,0.068
48,Alberta,25-03-2020,2,419,35508,N/A,,61,0.17
47,Saskatchewan,25-03-2020,0,86,6111,N/A,,14,0.194
46,Manitoba,25-03-2020,0,35,4740,N/A,,14,0.667
35,Ontario,25-03-2020,13,688,38040,N/A,,100,0.17
24,Quebec,25-03-2020,6,1339,27828,N/A,,326,0.322
10,Newfoundland and Labrador,25-03-2020,0,67,1235,N/A,,32,0.914
13,New Brunswick,25-03-2020,0,26,1680,N/A,,8,0.444
12,Nova Scotia,25-03-2020,0,68,3008,N/A,,17,0.333
11,Prince Edward Island,25-03-2020,0,5,301,N/A,,2,0.667
61,Northwest Territories,25-03-2020,0,1,481,N/A,,0,0
62,Nunavut,25-03-2020,0,0,97,N/A,,0,0
60,Yukon,25-03-2020,0,3,416,N/A,,1,0.5
99,Repatriated travellers,25-03-2020,0,13,0,N/A,,0,0
1,Canada,25-03-2020,35,3409,147789,N/A,,617,0.221
59,British Columbia,26-03-2020,14,725,30238,N/A,,66,0.1
48,Alberta,26-03-2020,2,486,36600,N/A,,67,0.16
47,Saskatchewan,26-03-2020,0,95,6729,N/A,,9,0.105
46,Manitoba,26-03-2020,0,36,5429,N/A,,1,0.029
35,Ontario,26-03-2020,15,858,41217,N/A,,170,0.247
24,Quebec,26-03-2020,8,1629,33311,N/A,,290,0.217
10,Newfoundland and Labrador,26-03-2020,0,82,1447,N/A,,15,0.224
13,New Brunswick,26-03-2020,0,33,1849,N/A,,7,0.269
12,Nova Scotia,26-03-2020,0,73,3417,N/A,,5,0.074
11,Prince Edward Island,26-03-2020,0,9,353,N/A,,4,0.8
61,Northwest Territories,26-03-2020,0,1,481,N/A,,0,0
62,Nunavut,26-03-2020,0,0,116,N/A,,0,0
60,Yukon,26-03-2020,0,3,416,N/A,,0,0
99,Repatriated travellers,26-03-2020,0,13,0,N/A,,0,0
1,Canada,26-03-2020,39,4043,161603,N/A,,634,0.186
59,British Columbia,27-03-2020,14,725,31536,N/A,,0,0
48,Alberta,27-03-2020,2,542,38215,N/A,,56,0.115
47,Saskatchewan,27-03-2020,0,104,7360,N/A,,9,0.095
46,Manitoba,27-03-2020,1,39,6022,N/A,,3,0.083
35,Ontario,27-03-2020,18,993,43651,N/A,,135,0.157
24,Quebec,27-03-2020,18,2021,34356,N/A,,392,0.241
10,Newfoundland and Labrador,27-03-2020,0,102,1684,N/A,,20,0.244
13,New Brunswick,27-03-2020,0,45,2179,N/A,,12,0.364
12,Nova Scotia,27-03-2020,0,90,3946,N/A,,17,0.233
11,Prince Edward Island,27-03-2020,0,11,422,N/A,,2,0.222
61,Northwest Territories,27-03-2020,0,1,545,N/A,,0,0
62,Nunavut,27-03-2020,0,0,125,N/A,,0,0
60,Yukon,27-03-2020,0,3,603,N/A,,0,0
99,Repatriated travellers,27-03-2020,0,13,0,N/A,,0,0
1,Canada,27-03-2020,53,4689,170644,N/A,,646,0.16
59,British Columbia,28-03-2020,16,884,31536,N/A,,159,0.219
48,Alberta,28-03-2020,2,542,38215,N/A,,0,0
47,Saskatchewan,28-03-2020,0,134,8009,N/A,,30,0.288
46,Manitoba,28-03-2020,1,64,6931,N/A,,25,0.641
35,Ontario,28-03-2020,18,993,45836,N/A,,0,0
24,Quebec,28-03-2020,22,2498,46087,N/A,,477,0.236
10,Newfoundland and Labrador,28-03-2020,0,120,1907,N/A,,18,0.176
13,New Brunswick,28-03-2020,0,51,2512,N/A,,6,0.133
12,Nova Scotia,28-03-2020,0,110,4487,N/A,,20,0.222
11,Prince Edward Island,28-03-2020,0,11,422,N/A,,0,0
61,Northwest Territories,28-03-2020,0,1,740,N/A,,0,0
62,Nunavut,28-03-2020,0,0,125,N/A,,0,0
60,Yukon,28-03-2020,0,4,641,N/A,,1,0.333
99,Repatriated travellers,28-03-2020,0,13,0,N/A,,0,0
1,Canada,28-03-2020,59,5425,187448,N/A,,736,0.157
59,British Columbia,29-03-2020,17,884,33476,N/A,,0,0
48,Alberta,29-03-2020,2,621,44097,N/A,,79,0.146
47,Saskatchewan,29-03-2020,0,134,8822,N/A,,0,0
46,Manitoba,29-03-2020,1,72,7876,N/A,,8,0.125
35,Ontario,29-03-2020,19,1355,52002,N/A,,362,0.365
24,Quebec,29-03-2020,22,2840,52204,N/A,,342,0.137
10,Newfoundland and Labrador,29-03-2020,0,135,2107,N/A,,15,0.125
13,New Brunswick,29-03-2020,0,66,2847,N/A,,15,0.294
12,Nova Scotia,29-03-2020,0,122,4984,N/A,,12,0.109
11,Prince Edward Island,29-03-2020,0,11,477,N/A,,0,0
61,Northwest Territories,29-03-2020,0,1,740,N/A,,0,0
62,Nunavut,29-03-2020,0,0,125,N/A,,0,0
60,Yukon,29-03-2020,0,4,678,N/A,,0,0
99,Repatriated travellers,29-03-2020,0,13,0,N/A,,0,0
1,Canada,29-03-2020,61,6258,210435,N/A,,833,0.154
59,British Columbia,30-03-2020,19,960,34969,N/A,,76,0.086
48,Alberta,30-03-2020,8,690,46057,N/A,,69,0.111
47,Saskatchewan,30-03-2020,2,175,9372,N/A,,41,0.306
46,Manitoba,30-03-2020,1,96,8326,N/A,,24,0.333
35,Ontario,30-03-2020,33,1706,54112,N/A,,351,0.259
24,Quebec,30-03-2020,25,3430,59715,N/A,,590,0.208
10,Newfoundland and Labrador,30-03-2020,1,148,2332,N/A,,13,0.096
13,New Brunswick,30-03-2020,0,68,3267,N/A,,2,0.03
12,Nova Scotia,30-03-2020,0,127,5492,N/A,,5,0.041
11,Prince Edward Island,30-03-2020,0,18,477,N/A,,7,0.636
61,Northwest Territories,30-03-2020,0,1,740,N/A,,0,0
62,Nunavut,30-03-2020,0,0,158,N/A,,0,0
60,Yukon,30-03-2020,0,5,688,N/A,,1,0.25
99,Repatriated travellers,30-03-2020,0,13,0,N/A,,0,0
1,Canada,30-03-2020,89,7437,225705,N/A,,1179,0.188
59,British Columbia,31-03-2020,19,970,36024,N/A,,10,0.01
48,Alberta,31-03-2020,9,754,48692,N/A,,64,0.093
47,Saskatchewan,31-03-2020,2,184,9372,N/A,,9,0.051
46,Manitoba,31-03-2020,1,103,8629,N/A,,7,0.073
35,Ontario,31-03-2020,33,1966,55909,N/A,,260,0.152
24,Quebec,31-03-2020,31,4162,67540,N/A,,732,0.213
10,Newfoundland and Labrador,31-03-2020,1,152,2500,N/A,,4,0.027
13,New Brunswick,31-03-2020,0,70,3630,N/A,,2,0.029
12,Nova Scotia,31-03-2020,0,147,6614,N/A,,20,0.157
11,Prince Edward Island,31-03-2020,0,21,551,N/A,,3,0.167
61,Northwest Territories,31-03-2020,0,1,808,N/A,,0,0
62,Nunavut,31-03-2020,0,0,167,N/A,,0,0
60,Yukon,31-03-2020,0,5,702,N/A,,0,0
99,Repatriated travellers,31-03-2020,0,13,0,N/A,,0,0
1,Canada,31-03-2020,96,8548,241138,N/A,,1111,0.149
59,British Columbia,01-04-2020,25,1066,36364,N/A,,96,0.099
48,Alberta,01-04-2020,9,754,53141,N/A,,0,0
47,Saskatchewan,01-04-2020,3,193,10202,N/A,,9,0.049
46,Manitoba,01-04-2020,1,127,9811,N/A,,24,0.233
35,Ontario,01-04-2020,37,2392,61009,N/A,,426,0.217
24,Quebec,01-04-2020,33,4611,69711,N/A,,449,0.108
10,Newfoundland and Labrador,01-04-2020,1,175,2762,N/A,,23,0.151
13,New Brunswick,01-04-2020,0,81,4121,N/A,,11,0.157
12,Nova Scotia,01-04-2020,0,173,7405,N/A,,26,0.177
11,Prince Edward Island,01-04-2020,0,21,551,N/A,,0,0
61,Northwest Territories,01-04-2020,0,2,951,N/A,,1,1
62,Nunavut,01-04-2020,0,0,183,N/A,,0,0
60,Yukon,01-04-2020,0,5,722,N/A,,0,0
99,Repatriated travellers,01-04-2020,0,13,0,N/A,,0,0
1,Canada,01-04-2020,109,9613,256933,N/A,,1065,0.125
59,British Columbia,02-04-2020,31,1121,36966,N/A,,55,0.052
48,Alberta,02-04-2020,13,968,57096,N/A,,214,0.284
47,Saskatchewan,02-04-2020,3,206,11034,N/A,,13,0.067
46,Manitoba,02-04-2020,1,167,11098,N/A,,40,0.315
35,Ontario,02-04-2020,53,2793,64785,N/A,,401,0.168
24,Quebec,02-04-2020,36,5518,74542,N/A,,907,0.197
10,Newfoundland and Labrador,02-04-2020,1,183,2904,N/A,,8,0.046
13,New Brunswick,02-04-2020,0,91,4625,N/A,,10,0.123
12,Nova Scotia,02-04-2020,0,193,8059,N/A,,20,0.116
11,Prince Edward Island,02-04-2020,0,22,653,N/A,,1,0.048
60,Yukon,02-04-2020,0,6,742,N/A,,4,2
61,Northwest Territories,02-04-2020,0,2,969,N/A,,2,0
62,Nunavut,02-04-2020,0,0,193,N/A,,-5,-1
99,Repatriated travellers,02-04-2020,0,13,0,N/A,,0,0
1,Canada,02-04-2020,138,11283,273666,N/A,,1670,0.174
59,British Columbia,03-04-2020,35,1174,39926,N/A,,53,0.047
48,Alberta,03-04-2020,18,1075,60508,N/A,,107,0.111
47,Saskatchewan,03-04-2020,3,220,11720,N/A,,14,0.068
46,Manitoba,03-04-2020,2,182,11650,N/A,,15,0.09
35,Ontario,03-04-2020,67,3255,67998,N/A,,462,0.165
24,Quebec,03-04-2020,61,6101,83570,N/A,,583,0.106
10,Newfoundland and Labrador,03-04-2020,1,183,3136,N/A,,0,0
13,New Brunswick,03-04-2020,0,95,5036,N/A,,4,0.044
12,Nova Scotia,03-04-2020,0,207,8799,N/A,,14,0.073
11,Prince Edward Island,03-04-2020,0,22,653,N/A,,0,0
60,Yukon,03-04-2020,0,6,753,N/A,,0,0
61,Northwest Territories,03-04-2020,0,4,1109,N/A,,2,1
62,Nunavut,03-04-2020,0,0,207,N/A,,0,0
99,Repatriated travellers,03-04-2020,0,13,0,N/A,,0,0
1,Canada,03-04-2020,187,12537,295065,N/A,,1254,0.111
59,British Columbia,04-04-2020,38,1203,40771,N/A,,29,0.025
48,Alberta,04-04-2020,18,1075,62520,N/A,,0,0
47,Saskatchewan,04-04-2020,3,231,12244,N/A,,11,0.05
46,Manitoba,04-04-2020,2,194,12191,N/A,,12,0.066
35,Ontario,04-04-2020,94,3630,72674,N/A,,375,0.115
24,Quebec,04-04-2020,75,6997,90227,N/A,,896,0.147
10,Newfoundland and Labrador,04-04-2020,1,195,3345,N/A,,12,0.066
13,New Brunswick,04-04-2020,0,98,5297,N/A,,3,0.032
12,Nova Scotia,04-04-2020,0,236,9722,N/A,,29,0.14
11,Prince Edward Island,04-04-2020,0,22,839,N/A,,0,0
60,Yukon,04-04-2020,0,6,765,N/A,,0,0
61,Northwest Territories,04-04-2020,0,4,1169,N/A,,0,0
62,Nunavut,04-04-2020,0,0,207,N/A,,0,0
99,Repatriated travellers,04-04-2020,0,13,0,N/A,,0,0
1,Canada,04-04-2020,231,13904,311971,N/A,,1367,0.109
59,British Columbia,05-04-2020,38,1203,41556,704,58.52,0,0
48,Alberta,05-04-2020,23,1250,63315,240,19.2,175,0.163
47,Saskatchewan,05-04-2020,3,249,13055,55,22.09,18,0.078
46,Manitoba,05-04-2020,2,203,12771,17,8.37,9,0.046
35,Ontario,05-04-2020,119,4038,76027,1219,30.19,408,0.112
24,Quebec,05-04-2020,94,7944,95955,0,0,947,0.135
10,Newfoundland and Labrador,05-04-2020,1,217,3556,11,5.07,22,0.113
13,New Brunswick,05-04-2020,0,101,5421,28,27.72,3,0.031
12,Nova Scotia,05-04-2020,0,262,10084,50,19.08,26,0.11
11,Prince Edward Island,05-04-2020,0,22,839,6,27.27,0,0
60,Yukon,05-04-2020,0,6,770,4,66.67,0,0
61,Northwest Territories,05-04-2020,0,4,1215,1,25,0,0
62,Nunavut,05-04-2020,0,0,227,0,N/A,0,0
99,Repatriated travellers,05-04-2020,0,13,0,0,0,0,0
1,Canada,05-04-2020,280,15512,324791,2335,15.05,1608,0.116
59,British Columbia,06-04-2020,39,1266,42665,783,61.85,63,0.052
48,Alberta,06-04-2020,24,1348,64183,361,26.78,98,0.078
47,Saskatchewan,06-04-2020,3,253,13680,81,32.02,4,0.016
46,Manitoba,06-04-2020,2,204,13788,17,8.33,1,0.005
35,Ontario,06-04-2020,132,4347,79125,1624,37.36,309,0.077
24,Quebec,06-04-2020,121,8580,100113,611,7.12,636,0.08
10,Newfoundland and Labrador,06-04-2020,2,226,3776,32,14.16,9,0.041
13,New Brunswick,06-04-2020,0,103,5678,30,29.13,2,0.02
12,Nova Scotia,06-04-2020,0,293,10738,64,21.84,31,0.118
11,Prince Edward Island,06-04-2020,0,22,839,8,36.36,0,0
60,Yukon,06-04-2020,0,7,775,4,57.14,1,0.167
61,Northwest Territories,06-04-2020,0,5,1217,1,20,1,0.25
62,Nunavut,06-04-2020,0,0,229,0,N/A,0,0
99,Repatriated travellers,06-04-2020,0,13,,0,0,0,0
1,Canada,06-04-2020,323,16667,336806,3616,21.7,1155,0.074
59,British Columbia,07-04-2020,43,1291,43257,,,25,0.02
48,Alberta,07-04-2020,26,1373,65265,,,25,0.019
47,Saskatchewan,07-04-2020,3,260,14203,,,7,0.028
46,Manitoba,07-04-2020,3,217,13990,,,13,0.064
35,Ontario,07-04-2020,153,4726,82055,,,379,0.087
24,Quebec,07-04-2020,150,9340,104526,,,760,0.089
10,Newfoundland and Labrador,07-04-2020,2,228,3958,,,2,0.009
13,New Brunswick,07-04-2020,0,105,6102,,,2,0.019
12,Nova Scotia,07-04-2020,0,310,11559,,,17,0.058
11,Prince Edward Island,07-04-2020,0,22,939,,,0,0
60,Yukon,07-04-2020,0,7,787,,,0,0
61,Northwest Territories,07-04-2020,0,5,1230,,,0,0
62,Nunavut,07-04-2020,0,0,234,,,0,0
99,Repatriated travellers,07-04-2020,0,13,,,,0,0
1,Canada,07-04-2020,380,17897,348105,,,1230,0.074
59,British Columbia,08-04-2020,48,1336,44269,,,45,0.035
48,Alberta,08-04-2020,29,1423,66783,,,50,0.036
47,Saskatchewan,08-04-2020,3,271,15059,,,11,0.042
46,Manitoba,08-04-2020,3,221,14569,,,4,0.018
35,Ontario,08-04-2020,174,5276,85703,,,550,0.116
24,Quebec,08-04-2020,175,10031,109270,,,691,0.074
10,Newfoundland and Labrador,08-04-2020,2,232,4135,,,4,0.018
13,New Brunswick,08-04-2020,0,108,6477,,,3,0.029
12,Nova Scotia,08-04-2020,1,342,12072,,,32,0.103
11,Prince Edward Island,08-04-2020,0,24,1347,,,2,0.091
60,Yukon,08-04-2020,0,7,794,,,0,0
61,Northwest Territories,08-04-2020,0,5,1251,,,0,0
62,Nunavut,08-04-2020,0,0,240,,,0,0
99,Repatriated travellers,08-04-2020,0,13,,,,0,0
1,Canada,08-04-2020,435,19289,361969,,,1392,0.078
59,British Columbia,09-04-2020,50,1370,45156,,,34,0.025
48,Alberta,09-04-2020,32,1451,68116,,,28,0.02
47,Saskatchewan,09-04-2020,3,278,16059,,,7,0.026
46,Manitoba,09-04-2020,3,224,14569,,,3,0.014
35,Ontario,09-04-2020,200,5759,89906,,,483,0.092
24,Quebec,09-04-2020,216,10912,113365,,,881,0.088
10,Newfoundland and Labrador,09-04-2020,3,236,4384,,,4,0.017
13,New Brunswick,09-04-2020,0,111,6949,,,3,0.028
12,Nova Scotia,09-04-2020,2,373,13045,,,31,0.091
11,Prince Edward Island,09-04-2020,0,25,1435,,,1,0.042
60,Yukon,09-04-2020,0,8,806,,,1,0.143
61,Northwest Territories,09-04-2020,0,5,1265,,,0,0
62,Nunavut,09-04-2020,0,0,247,,,0,0
99,Repatriated travellers,09-04-2020,0,13,,,,0,0
1,Canada,09-04-2020,509,20765,375302,,,1476,0.077
59,British Columbia,10-04-2020,55,1410,46236,,,40,0.029
48,Alberta,10-04-2020,39,1500,70080,,,49,0.034
47,Saskatchewan,10-04-2020,3,285,16952,,,7,0.025
46,Manitoba,10-04-2020,4,230,16075,,,6,0.027
35,Ontario,10-04-2020,222,6237,94271,,,478,0.083
24,Quebec,10-04-2020,241,11677,118217,,,765,0.07
10,Newfoundland and Labrador,10-04-2020,3,239,4520,,,3,0.013
13,New Brunswick,10-04-2020,0,112,7299,,,1,0.009
12,Nova Scotia,10-04-2020,2,407,13881,,,34,0.091
11,Prince Edward Island,10-04-2020,0,25,1435,,,0,0
60,Yukon,10-04-2020,0,8,806,,,0,0
61,Northwest Territories,10-04-2020,0,5,1342,,,0,0
62,Nunavut,10-04-2020,0,0,261,,,0,0
99,Repatriated travellers,10-04-2020,,13,,,,0,0
1,Canada,10-04-2020,569,22148,391375,,,1383,0.067
59,British Columbia,11-04-2020,58,1445,46236,,,35,0.025
48,Alberta,11-04-2020,40,1569,72779,,,69,0.046
47,Saskatchewan,11-04-2020,4,289,17716,,,4,0.014
46,Manitoba,11-04-2020,4,243,16220,,,13,0.057
35,Ontario,11-04-2020,253,6648,97838,,,411,0.066
24,Quebec,11-04-2020,289,12292,123115,,,615,0.053
10,Newfoundland and Labrador,11-04-2020,3,241,4713,,,2,0.008
13,New Brunswick,11-04-2020,0,112,7500,,,0,0
12,Nova Scotia,11-04-2020,2,428,14511,,,21,0.052
11,Prince Edward Island,11-04-2020,0,25,1577,,,0,0
60,Yukon,11-04-2020,0,8,815,,,0,0
61,Northwest Territories,11-04-2020,0,5,1370,,,0,0
62,Nunavut,11-04-2020,0,0,261,,,0,0
99,Repatriated travellers,11-04-2020,,13,,,,0,0
1,Canada,11-04-2020,653,23318,404651,,,1170,0.053
59,British Columbia,12-04-2020,58,1445,48360,,,0,0
48,Alberta,12-04-2020,44,1651,74709,,,82,0.052
47,Saskatchewan,12-04-2020,4,298,18499,,,9,0.031
46,Manitoba,12-04-2020,4,242,17066,,,-1,-0.004
35,Ontario,12-04-2020,274,7049,104784,,,401,0.06
24,Quebec,12-04-2020,328,12846,126771,,,554,0.045
10,Newfoundland and Labrador,12-04-2020,3,242,4812,,,1,0.004
13,New Brunswick,12-04-2020,0,114,7760,,,2,0.018
12,Nova Scotia,12-04-2020,2,445,15329,,,17,0.04
11,Prince Edward Island,12-04-2020,0,25,1645,,,0,0
60,Yukon,12-04-2020,0,8,815,,,0,0
61,Northwest Territories,12-04-2020,0,5,1386,,,0,0
62,Nunavut,12-04-2020,0,0,264,,,0,0
99,Repatriated travellers,12-04-2020,,13,,,,0,0
1,Canada,12-04-2020,717,24383,422200,,,1065,0.046
59,British Columbia,13-04-2020,69,1490,49370,,,45,0.031
48,Alberta,13-04-2020,46,1732,77007,,,81,0.049
47,Saskatchewan,13-04-2020,4,300,18995,,,2,0.007
46,Manitoba,13-04-2020,4,246,17119,,,4,0.017
35,Ontario,13-04-2020,291,7470,109764,,,421,0.06
24,Quebec,13-04-2020,360,13557,131570,,,711,0.055
10,Newfoundland and Labrador,13-04-2020,3,244,4897,,,2,0.008
13,New Brunswick,13-04-2020,0,116,8004,,,2,0.018
12,Nova Scotia,13-04-2020,3,474,16548,,,29,0.065
11,Prince Edward Island,13-04-2020,0,25,1715,,,0,0
60,Yukon,13-04-2020,0,8,832,,,0,0
61,Northwest Territories,13-04-2020,0,5,1390,,,0,0
62,Nunavut,13-04-2020,0,0,264,,,0,0
99,Repatriated travellers,13-04-2020,,13,,,,0,0
1,Canada,13-04-2020,780,25680,437475,,,1297,0.053
59,British Columbia,14-04-2020,72,1517,50134,,,27,0.018
48,Alberta,14-04-2020,48,1870,79695,,,138,0.08
47,Saskatchewan,14-04-2020,4,301,19442,,,1,0.003
46,Manitoba,14-04-2020,4,246,17789,,,0,0
35,Ontario,14-04-2020,334,7953,115189,,,483,0.065
24,Quebec,14-04-2020,435,14248,137451,,,691,0.051
10,Newfoundland and Labrador,14-04-2020,3,244,5370,,,0,0
13,New Brunswick,14-04-2020,0,116,8229,,,0,0
12,Nova Scotia,14-04-2020,3,517,17477,,,43,0.091
11,Prince Edward Island,14-04-2020,0,25,1715,,,0,0
60,Yukon,14-04-2020,0,8,835,,,0,0
61,Northwest Territories,14-04-2020,0,5,1393,,,0,0
62,Nunavut,14-04-2020,0,0,264,,,0,0
99,Repatriated travellers,14-04-2020,,13,,,,0,0
1,Canada,14-04-2020,903,27063,454983,,,1383,0.054
59,British Columbia,15-04-2020,75,1561,50438,,,44,0.029
48,Alberta,15-04-2020,48,1996,79695,,,126,0.067
47,Saskatchewan,15-04-2020,4,304,20013,,,3,0.01
46,Manitoba,15-04-2020,5,246,17789,,,0,0
35,Ontario,15-04-2020,385,8447,120182,,,494,0.062
24,Quebec,15-04-2020,487,14860,143174,,,612,0.043
10,Newfoundland and Labrador,15-04-2020,3,247,5157,,,3,0.012
13,New Brunswick,15-04-2020,0,117,8674,,,1,0.009
12,Nova Scotia,15-04-2020,3,549,18245,,,32,0.062
11,Prince Edward Island,15-04-2020,0,26,1863,,,1,0.04
60,Yukon,15-04-2020,0,8,841,,,0,0
61,Northwest Territories,15-04-2020,0,5,1401,,,0,0
62,Nunavut,15-04-2020,0,0,264,,,0,0
99,Repatriated travellers,15-04-2020,,13,,,,0,0
1,Canada,15-04-2020,1010,28381,467736,,,1318,0.049
59,British Columbia,16-04-2020,75,1561,51297,,,0,0
48,Alberta,16-04-2020,50,2158,85502,,,162,0.081
47,Saskatchewan,16-04-2020,4,305,20631,,,1,0.003
46,Manitoba,16-04-2020,5,250,18318,,,4,0.016
35,Ontario,16-04-2020,423,8961,125309,,,514,0.061
24,Quebec,16-04-2020,630,15857,148571,,,997,0.067
10,Newfoundland and Labrador,16-04-2020,3,252,5305,,,5,0.02
13,New Brunswick,16-04-2020,0,117,8945,,,0,0
12,Nova Scotia,16-04-2020,3,579,19239,,,30,0.055
11,Prince Edward Island,16-04-2020,0,26,1946,,,0,0
60,Yukon,16-04-2020,0,8,849,,,0,0
61,Northwest Territories,16-04-2020,0,5,1438,,,0,0
62,Nunavut,16-04-2020,0,0,275,,,0,0
99,Repatriated travellers,16-04-2020,,13,,,,0,0
1,Canada,16-04-2020,1193,30092,487625,,,1711,0.06
59,British Columbia,17-04-2020,77,1575,52378,,,14,0.009
48,Alberta,17-04-2020,50,2397,89144,,,239,0.111
47,Saskatchewan,17-04-2020,4,307,21212,,,2,0.007
46,Manitoba,17-04-2020,5,250,18814,,,0,0
35,Ontario,17-04-2020,478,9525,132133,,,564,0.063
24,Quebec,17-04-2020,688,16798,153722,,,941,0.059
10,Newfoundland and Labrador,17-04-2020,3,256,5584,,,4,0.016
13,New Brunswick,17-04-2020,0,117,9684,,,0,0
12,Nova Scotia,17-04-2020,4,606,20432,,,27,0.047
11,Prince Edward Island,17-04-2020,0,26,2013,,,0,0
60,Yukon,17-04-2020,0,9,852,,,1,0.125
61,Northwest Territories,17-04-2020,0,5,1447,,,0,0
62,Nunavut,17-04-2020,0,0,286,,,0,0
99,Repatriated travellers,17-04-2020,,13,,,,0,0
1,Canada,17-04-2020,1309,31884,507701,,,1792,0.06
59,British Columbia,18-04-2020,78,1618,53569,966,59.7,43,0.027
48,Alberta,18-04-2020,51,2562,92962,1162,45.36,165,0.069
47,Saskatchewan,18-04-2020,4,313,21997,234,74.76,6,0.02
46,Manitoba,18-04-2020,5,253,19412,132,52.17,3,0.012
35,Ontario,18-04-2020,514,10010,139448,4875,48.7,485,0.051
24,Quebec,18-04-2020,805,17521,158770,3315,18.92,723,0.043
10,Newfoundland and Labrador,18-04-2020,3,257,5870,189,73.54,1,0.004
13,New Brunswick,18-04-2020,0,118,9958,87,73.73,1,0.009
12,Nova Scotia,18-04-2020,7,649,21363,184,28.35,43,0.071
11,Prince Edward Island,18-04-2020,0,26,2086,23,88.46,0,0
60,Yukon,18-04-2020,0,9,859,8,88.89,0,0
61,Northwest Territories,18-04-2020,0,5,1459,3,60,0,0
62,Nunavut,18-04-2020,0,0,304,0,N/A,0,0
99,Repatriated travellers,18-04-2020,,13,,,,0,0
1,Canada,18-04-2020,1467,33354,528057,11178,33.51,1470,0.046
59,British Columbia,19-04-2020,78,1618,54778,966,59.7,0,0
48,Alberta,19-04-2020,51,2562,97180,1162,45.36,0,0
47,Saskatchewan,19-04-2020,4,315,22759,234,74.29,2,0.006
46,Manitoba,19-04-2020,5,253,19634,143,56.52,0,0
35,Ontario,19-04-2020,553,10578,148106,5209,49.24,568,0.057
24,Quebec,19-04-2020,877,18357,163548,3555,19.37,836,0.048
10,Newfoundland and Labrador,19-04-2020,3,257,6128,191,74.32,0,0
13,New Brunswick,19-04-2020,0,118,10290,92,77.97,0,0
12,Nova Scotia,19-04-2020,9,675,22029,200,29.63,26,0.04
11,Prince Edward Island,19-04-2020,0,26,2239,23,88.46,0,0
60,Yukon,19-04-2020,0,9,878,8,88.89,0,0
61,Northwest Territories,19-04-2020,0,5,1476,3,60,0,0
62,Nunavut,19-04-2020,0,0,304,0,N/A,0,0
99,Repatriated travellers,19-04-2020,,13,,,,0,0
1,Canada,19-04-2020,1580,34786,549349,11786,33.88,1432,0.043
59,British Columbia,20-04-2020,86,1699,55779,1039,61.15,81,0.05
48,Alberta,20-04-2020,59,2908,100898,1230,42.3,346,0.135
47,Saskatchewan,20-04-2020,4,316,22759,238,75.32,1,0.003
46,Manitoba,20-04-2020,6,254,19924,143,56.3,1,0.004
35,Ontario,20-04-2020,584,11184,148106,5515,49.31,606,0.057
24,Quebec,20-04-2020,939,19319,167801,3847,19.91,962,0.052
10,Newfoundland and Labrador,20-04-2020,3,257,6233,191,74.32,0,0
13,New Brunswick,20-04-2020,0,118,10492,98,83.05,0,0
12,Nova Scotia,20-04-2020,9,721,22669,248,34.4,46,0.068
11,Prince Edward Island,20-04-2020,0,26,2239,23,88.46,0,0
60,Yukon,20-04-2020,0,11,878,8,72.73,2,0.222
61,Northwest Territories,20-04-2020,0,5,1495,5,100,0,0
62,Nunavut,20-04-2020,0,0,305,0,N/A,0,0
99,Repatriated travellers,20-04-2020,,13,,,,0,0
1,Canada,20-04-2020,1690,36831,559578,12585,34.17,2045,0.059
59,British Columbia,21-04-2020,87,1724,56526,1041,60.38,25,0.015
48,Alberta,21-04-2020,61,3095,104370,1273,41.13,187,0.064
47,Saskatchewan,21-04-2020,4,320,23554,252,78.75,4,0.013
46,Manitoba,21-04-2020,6,255,20328,150,58.82,1,0.004
35,Ontario,21-04-2020,622,11735,148106,5806,49.48,551,0.049
24,Quebec,21-04-2020,1041,20126,171520,4048,20.11,807,0.042
10,Newfoundland and Labrador,21-04-2020,3,257,6383,194,75.49,0,0
13,New Brunswick,21-04-2020,0,118,10799,102,86.44,0,0
12,Nova Scotia,21-04-2020,10,737,23261,286,38.81,16,0.022
11,Prince Edward Island,21-04-2020,0,26,2330,23,88.46,0,0
60,Yukon,21-04-2020,0,11,872,8,72.73,0,0
61,Northwest Territories,21-04-2020,0,5,1509,5,100,0,0
62,Nunavut,21-04-2020,0,0,320,0,N/A,0,0
99,Repatriated travellers,21-04-2020,,13,,,,0,0
1,Canada,21-04-2020,1834,38422,569878,13188,34.32,1591,0.043
59,British Columbia,22-04-2020,90,1795,57499,1079,60.11,71,0.041
48,Alberta,22-04-2020,66,3401,108521,1310,38.52,306,0.099
47,Saskatchewan,22-04-2020,4,326,24008,261,80.06,6,0.019
46,Manitoba,22-04-2020,6,257,20651,154,59.92,2,0.008
35,Ontario,22-04-2020,659,12245,178467,6221,50.8,510,0.043
24,Quebec,22-04-2020,1134,20965,176048,4291,20.47,839,0.042
10,Newfoundland and Labrador,22-04-2020,3,256,6655,199,77.73,-1,-0.004
13,New Brunswick,22-04-2020,0,118,11121,104,88.14,0,0
12,Nova Scotia,22-04-2020,12,772,24155,330,42.75,35,0.047
11,Prince Edward Island,22-04-2020,0,26,2344,24,92.31,0,0
60,Yukon,22-04-2020,0,11,878,8,72.73,0,0
61,Northwest Territories,22-04-2020,0,5,1512,5,100,0,0
62,Nunavut,22-04-2020,0,0,333,0,N/A,0,0
99,Repatriated travellers,22-04-2020,,13,,,,0,0
1,Canada,22-04-2020,1974,40190,612192,13986,34.8,1768,0.046
59,British Columbia,23-04-2020,94,1824,58848,1092,59.87,29,0.016
48,Alberta,23-04-2020,67,3720,112562,1357,36.48,319,0.094
47,Saskatchewan,23-04-2020,4,331,24504,270,81.57,5,0.015
46,Manitoba,23-04-2020,6,262,21229,174,66.41,5,0.019
35,Ontario,23-04-2020,713,12879,188377,6680,51.87,634,0.052
24,Quebec,23-04-2020,1243,21838,180833,4484,20.53,873,0.042
10,Newfoundland and Labrador,23-04-2020,3,256,6862,205,80.08,0,0
13,New Brunswick,23-04-2020,0,118,11616,104,88.14,0,0
12,Nova Scotia,23-04-2020,16,827,24884,358,43.29,55,0.071
11,Prince Edward Island,23-04-2020,0,26,2466,24,92.31,0,0
60,Yukon,23-04-2020,0,11,881,8,72.73,0,0
61,Northwest Territories,23-04-2020,0,5,1515,5,100,0,0
62,Nunavut,23-04-2020,0,0,340,0,N/A,0,0
99,Repatriated travellers,23-04-2020,,13,,,,0,0
1,Canada,23-04-2020,2146,42110,634917,14761,35.05,1920,0.048
59,British Columbia,24-04-2020,98,1853,60472,1114,60.12,29,0.016
48,Alberta,24-04-2020,72,4017,116859,1397,34.78,297,0.08
47,Saskatchewan,24-04-2020,4,341,25141,280,82.11,10,0.03
46,Manitoba,24-04-2020,6,263,21720,196,74.52,1,0.004
35,Ontario,24-04-2020,763,13519,200270,7087,52.42,640,0.05
24,Quebec,24-04-2020,1340,22616,185632,4724,20.89,778,0.036
10,Newfoundland and Labrador,24-04-2020,3,256,7105,207,80.86,0,0
13,New Brunswick,24-04-2020,0,118,11908,107,90.68,0,0
12,Nova Scotia,24-04-2020,16,850,25658,392,46.12,23,0.028
11,Prince Edward Island,24-04-2020,0,26,2564,24,92.31,0,0
60,Yukon,24-04-2020,0,11,888,8,72.73,0,0
61,Northwest Territories,24-04-2020,0,5,1537,5,100,0,0
62,Nunavut,24-04-2020,0,0,354,0,N/A,0,0
99,Repatriated travellers,24-04-2020,,13,,,,0,0
1,Canada,24-04-2020,2302,43888,660108,15541,35.41,1778,0.042
59,British Columbia,25-04-2020,100,1948,63039,1137,58.37,95,0.051
48,Alberta,25-04-2020,73,4233,121244,1471,34.75,216,0.054
47,Saskatchewan,25-04-2020,4,349,25697,288,82.52,8,0.023
46,Manitoba,25-04-2020,6,267,21720,199,74.53,4,0.015
35,Ontario,25-04-2020,811,13995,210502,7509,53.65,476,0.035
24,Quebec,25-04-2020,1446,23267,190765,5057,21.73,651,0.029
10,Newfoundland and Labrador,25-04-2020,3,257,7332,208,80.93,1,0.004
13,New Brunswick,25-04-2020,0,118,12279,107,90.68,0,0
12,Nova Scotia,25-04-2020,22,865,26320,412,47.63,15,0.018
11,Prince Edward Island,25-04-2020,0,26,2564,24,92.31,0,0
60,Yukon,25-04-2020,0,11,894,8,72.73,0,0
61,Northwest Territories,25-04-2020,0,5,1554,5,100,0,0
62,Nunavut,25-04-2020,0,0,361,0,N/A,0,0
99,Repatriated travellers,25-04-2020,,13,,,,0,0
1,Canada,25-04-2020,2465,45354,684271,16425,36.22,1466,0.033
59,British Columbia,26-04-2020,100,1948,64700,1137,58.37,0,0
48,Alberta,26-04-2020,73,4480,125310,1549,34.58,247,0.058
47,Saskatchewan,26-04-2020,4,353,25697,288,81.59,4,0.011
46,Manitoba,26-04-2020,6,271,21720,199,73.43,4,0.015
35,Ontario,26-04-2020,835,14432,222129,8000,55.43,437,0.031
24,Quebec,26-04-2020,1515,24107,195577,5342,22.16,840,0.036
10,Newfoundland and Labrador,26-04-2020,3,258,7440,219,84.88,1,0.004
13,New Brunswick,26-04-2020,0,118,12525,111,94.07,0,0
12,Nova Scotia,26-04-2020,24,873,26871,439,50.29,8,0.009
11,Prince Edward Island,26-04-2020,0,26,2688,24,92.31,0,0
60,Yukon,26-04-2020,0,11,908,8,72.73,0,0
61,Northwest Territories,26-04-2020,0,5,1575,5,100,0,0
62,Nunavut,26-04-2020,0,0,368,0,N/A,0,0
99,Repatriated travellers,26-04-2020,,13,,,,0,0
1,Canada,26-04-2020,2560,46895,707508,17321,36.94,1541,0.034
59,British Columbia,27-04-2020,103,1998,67289,1190,59.56,50,0.026
48,Alberta,27-04-2020,75,4696,128860,1664,35.43,216,0.048
47,Saskatchewan,27-04-2020,5,365,26642,288,78.9,12,0.034
46,Manitoba,27-04-2020,6,272,23149,205,75.37,1,0.004
35,Ontario,27-04-2020,892,14856,234268,8525,57.38,424,0.029
24,Quebec,27-04-2020,1599,24982,200172,5517,22.08,875,0.036
10,Newfoundland and Labrador,27-04-2020,3,258,7641,221,85.66,0,0
13,New Brunswick,27-04-2020,0,118,12648,112,94.92,0,0
12,Nova Scotia,27-04-2020,24,900,27437,509,56.56,27,0.031
11,Prince Edward Island,27-04-2020,0,26,2726,24,92.31,0,0
60,Yukon,27-04-2020,0,11,919,8,72.73,0,0
61,Northwest Territories,27-04-2020,0,5,1585,5,100,0,0
62,Nunavut,27-04-2020,0,0,369,0,N/A,0,0
99,Repatriated travellers,27-04-2020,,13,,,,0,0
1,Canada,27-04-2020,2707,48500,733705,18268,37.67,1605,0.034
59,British Columbia,28-04-2020,105,2053,68935,1231,59.96,55,0.028
48,Alberta,28-04-2020,80,4850,131772,1800,37.11,154,0.033
47,Saskatchewan,28-04-2020,5,366,26915,291,79.51,1,0.003
46,Manitoba,28-04-2020,6,272,23379,209,76.84,0,0
35,Ontario,28-04-2020,951,15381,244766,8964,58.28,525,0.035
24,Quebec,28-04-2020,1682,25757,204472,5841,22.68,775,0.031
10,Newfoundland and Labrador,28-04-2020,3,258,7905,222,86.05,0,0
13,New Brunswick,28-04-2020,0,118,12907,114,96.61,0,0
12,Nova Scotia,28-04-2020,27,915,28108,522,57.05,15,0.017
11,Prince Edward Island,28-04-2020,0,27,2726,24,88.89,1,0.038
60,Yukon,28-04-2020,0,11,953,8,72.73,0,0
61,Northwest Territories,28-04-2020,0,5,1585,5,100,0,0
62,Nunavut,28-04-2020,0,0,377,0,N/A,0,0
99,Repatriated travellers,28-04-2020,,13,,,,0,0
1,Canada,28-04-2020,2859,50026,754800,19231,38.44,1526,0.031
59,British Columbia,29-04-2020,109,2087,71210,1305,62.53,34,0.017
48,Alberta,29-04-2020,87,5165,136511,1953,37.81,315,0.065
47,Saskatchewan,29-04-2020,6,383,27328,291,75.98,17,0.046
46,Manitoba,29-04-2020,6,273,23817,213,78.02,1,0.004
35,Ontario,29-04-2020,996,15728,255942,9612,61.11,347,0.023
24,Quebec,29-04-2020,1761,26594,208979,6048,22.74,837,0.032
10,Newfoundland and Labrador,29-04-2020,3,258,8191,225,87.21,0,0
13,New Brunswick,29-04-2020,0,118,13121,114,96.61,0,0
12,Nova Scotia,29-04-2020,28,935,28731,529,56.58,20,0.022
11,Prince Edward Island,29-04-2020,0,27,2810,24,88.89,0,0
60,Yukon,29-04-2020,0,11,973,8,72.73,0,0
61,Northwest Territories,29-04-2020,0,5,1608,5,100,0,0
62,Nunavut,29-04-2020,0,0,392,0,N/A,0,0
99,Repatriated travellers,29-04-2020,,13,,,,0,0
1,Canada,29-04-2020,2996,51597,779613,20327,39.4,1571,0.031
59,British Columbia,30-04-2020,111,2112,73479,1322,62.59,25,0.012
48,Alberta,30-04-2020,89,5355,141060,2161,40.35,190,0.037
47,Saskatchewan,30-04-2020,6,389,27786,295,75.84,6,0.016
46,Manitoba,30-04-2020,6,275,24304,220,80,2,0.007
35,Ontario,30-04-2020,1082,16187,268447,10205,63.04,459,0.029
24,Quebec,30-04-2020,1859,27538,214047,6299,22.87,944,0.035
10,Newfoundland and Labrador,30-04-2020,3,258,8376,225,87.21,0,0
13,New Brunswick,30-04-2020,0,118,13598,114,96.61,0,0
12,Nova Scotia,30-04-2020,28,947,29421,545,57.55,12,0.013
11,Prince Edward Island,30-04-2020,0,27,2922,24,88.89,0,0
60,Yukon,30-04-2020,0,11,984,9,81.82,0,0
61,Northwest Territories,30-04-2020,0,5,1629,5,100,0,0
62,Nunavut,30-04-2020,0,1,396,0,0,1,0
99,Repatriated travellers,30-04-2020,,13,,,,0,0
1,Canada,30-04-2020,3184,53236,806449,21424,40.24,1639,0.032
59,British Columbia,01-05-2020,112,2145,75544,1357,63.26,,
48,Alberta,01-05-2020,92,5573,145420,2359,42.33,,
47,Saskatchewan,01-05-2020,6,415,28417,297,71.57,,
46,Manitoba,01-05-2020,6,279,24975,235,84.23,,
35,Ontario,01-05-2020,1121,16608,284438,10825,65.18,,
24,Quebec,01-05-2020,2022,28648,219367,6700,23.39,,
10,Newfoundland and Labrador,01-05-2020,3,259,8545,230,88.8,,
13,New Brunswick,01-05-2020,0,118,13998,116,98.31,,
12,Nova Scotia,01-05-2020,29,959,30149,592,61.73,,
11,Prince Edward Island,01-05-2020,0,27,3019,24,88.89,,
60,Yukon,01-05-2020,0,11,999,11,100,,
61,Northwest Territories,01-05-2020,0,5,1629,5,100,,
62,Nunavut,01-05-2020,0,1,421,0,0,,
99,Repatriated travellers,01-05-2020,,13,,,,,
1,Canada,01-05-2020,3391,55061,836921,22751,41.32,,